<?xml version="1.0" encoding="UTF-8"?>
<project-private xmlns="http://www.netbeans.org/ns/project-private/1">
    <editor-bookmarks xmlns="http://www.netbeans.org/ns/editor-bookmarks/2" lastBookmarkId="0"/>
    <open-files xmlns="http://www.netbeans.org/ns/projectui-open-files/2">
        <group>
            <file>file:/Users/sebastianlb/Downloads/SistemaDistribucion%20(1)/SistemaDistribucion/SistemaDistribucion/src/sistemaDistribucion/Retorno.java</file>
            <file>file:/Users/sebastianlb/Downloads/SistemaDistribucion%20(1)/SistemaDistribucion/SistemaDistribucion/src/sistemaDistribucion/LCliente.java</file>
            <file>file:/Users/sebastianlb/Downloads/SistemaDistribucion%20(1)/SistemaDistribucion/SistemaDistribucion/src/sistemaDistribucion/LEnvio.java</file>
            <file>file:/Users/sebastianlb/Downloads/SistemaDistribucion%20(1)/SistemaDistribucion/SistemaDistribucion/src/sistemaDistribucion/LProducto.java</file>
            <file>file:/Users/sebastianlb/Downloads/SistemaDistribucion%20(1)/SistemaDistribucion/SistemaDistribucion/src/interfaces/IObligatorio.java</file>
            <file>file:/Users/sebastianlb/Downloads/SistemaDistribucion%20(1)/SistemaDistribucion/SistemaDistribucion/src/sistemaDistribucion/nodoProducto.java</file>
            <file>file:/Users/sebastianlb/Downloads/SistemaDistribucion%20(1)/SistemaDistribucion/SistemaDistribucion/src/sistemaDistribucion/Cola.java</file>
            <file>file:/Users/sebastianlb/Downloads/SistemaDistribucion%20(1)/SistemaDistribucion/SistemaDistribucion/src/sistemaDistribucion/PCaja.java</file>
            <file>file:/Users/sebastianlb/Downloads/SistemaDistribucion%20(1)/SistemaDistribucion/SistemaDistribucion/src/sistemaDistribucion/Obligatorio.java</file>
            <file>file:/Users/sebastianlb/Downloads/SistemaDistribucion%20(1)/SistemaDistribucion/SistemaDistribucion/src/sistemaDistribucion/Sistema.java</file>
        </group>
    </open-files>
</project-private>
